{"_id":{"$oid":"694798ab694a4c8c1cd5dee2"},"user":{"$oid":"694798aa9a48b3729e2f2f94"},"__v":0,"createdAt":{"$date":"2025-12-21T06:50:19.655Z"},"paidHours":0,"paymentMethod":"other","students":[{"$oid":"69479909d88f15e2a4a42ffc"},{"$oid":"69479959d52fb5cbf72c0c77"},{"$oid":"69479959d52fb5cbf72c0c7c"}],"totalRemainingMinutes":0,"updatedAt":{"$date":"2025-12-21T06:53:13.403Z"}}
{"_id":{"$oid":"694798ac694a4c8c1cd5dee3"},"user":{"$oid":"694798ab9a48b3729e2f2fbb"},"__v":0,"createdAt":{"$date":"2025-12-21T06:50:20.146Z"},"paidHours":0,"paymentMethod":"other","students":[{"$oid":"69479909d88f15e2a4a43004"},{"$oid":"69479959d52fb5cbf72c0c83"},{"$oid":"69479959d52fb5cbf72c0c88"}],"totalRemainingMinutes":0,"updatedAt":{"$date":"2025-12-21T06:53:13.428Z"}}
{"_id":{"$oid":"694798ac694a4c8c1cd5dee4"},"user":{"$oid":"694798ac9a48b3729e2f2fc0"},"__v":0,"createdAt":{"$date":"2025-12-21T06:50:20.532Z"},"paidHours":0,"paymentMethod":"other","students":[{"$oid":"69479909d88f15e2a4a4300c"},{"$oid":"69479959d52fb5cbf72c0c8f"}],"totalRemainingMinutes":0,"updatedAt":{"$date":"2025-12-21T06:53:13.442Z"}}
{"_id":{"$oid":"694798ac694a4c8c1cd5dee5"},"user":{"$oid":"694798ac9a48b3729e2f2fc5"},"__v":0,"createdAt":{"$date":"2025-12-21T06:50:20.913Z"},"paidHours":0,"paymentMethod":"other","students":[{"$oid":"69479909d88f15e2a4a43013"},{"$oid":"69479959d52fb5cbf72c0c95"},{"$oid":"69479959d52fb5cbf72c0c9a"}],"totalRemainingMinutes":0,"updatedAt":{"$date":"2025-12-21T06:53:13.457Z"}}
{"_id":{"$oid":"694798ad694a4c8c1cd5dee6"},"user":{"$oid":"694798ac9a48b3729e2f2fca"},"__v":0,"createdAt":{"$date":"2025-12-21T06:50:21.298Z"},"paidHours":0,"paymentMethod":"other","students":[{"$oid":"69479909d88f15e2a4a4301b"},{"$oid":"69479959d52fb5cbf72c0ca1"},{"$oid":"69479959d52fb5cbf72c0ca6"}],"totalRemainingMinutes":0,"updatedAt":{"$date":"2025-12-21T06:53:13.475Z"}}
{"_id":{"$oid":"694798ad694a4c8c1cd5dee7"},"user":{"$oid":"694798ad9a48b3729e2f2fcf"},"__v":0,"createdAt":{"$date":"2025-12-21T06:50:21.695Z"},"paidHours":0,"paymentMethod":"other","students":[{"$oid":"69479909d88f15e2a4a43023"},{"$oid":"69479959d52fb5cbf72c0cad"}],"totalRemainingMinutes":0,"updatedAt":{"$date":"2025-12-21T06:53:13.487Z"}}
{"_id":{"$oid":"694798ae694a4c8c1cd5dee8"},"user":{"$oid":"694798ad9a48b3729e2f2fd4"},"__v":0,"createdAt":{"$date":"2025-12-21T06:50:22.078Z"},"paidHours":0,"paymentMethod":"other","students":[{"$oid":"69479909d88f15e2a4a4302a"},{"$oid":"69479959d52fb5cbf72c0cb3"}],"totalRemainingMinutes":0,"updatedAt":{"$date":"2025-12-21T06:53:13.496Z"}}
{"_id":{"$oid":"694798ae694a4c8c1cd5dee9"},"user":{"$oid":"694798ae9a48b3729e2f2fd9"},"__v":0,"createdAt":{"$date":"2025-12-21T06:50:22.489Z"},"paidHours":0,"paymentMethod":"other","students":[{"$oid":"69479909d88f15e2a4a43031"},{"$oid":"69479959d52fb5cbf72c0cb9"},{"$oid":"69479959d52fb5cbf72c0cbe"}],"totalRemainingMinutes":0,"updatedAt":{"$date":"2025-12-21T06:53:13.512Z"}}
{"_id":{"$oid":"694798ae694a4c8c1cd5deea"},"user":{"$oid":"694798ae9a48b3729e2f2fde"},"__v":0,"createdAt":{"$date":"2025-12-21T06:50:22.9Z"},"paidHours":0,"paymentMethod":"other","students":[{"$oid":"69479909d88f15e2a4a43048"},{"$oid":"69479959d52fb5cbf72c0ce0"}],"totalRemainingMinutes":0,"updatedAt":{"$date":"2025-12-21T06:53:13.56Z"}}
{"_id":{"$oid":"694798af694a4c8c1cd5deeb"},"user":{"$oid":"694798ae9a48b3729e2f2fe3"},"__v":0,"createdAt":{"$date":"2025-12-21T06:50:23.288Z"},"paidHours":0,"paymentMethod":"other","students":[{"$oid":"69479909d88f15e2a4a4304f"},{"$oid":"69479909d88f15e2a4a43055"},{"$oid":"69479959d52fb5cbf72c0ce7"},{"$oid":"69479959d52fb5cbf72c0cec"},{"$oid":"69479959d52fb5cbf72c0cf0"}],"totalRemainingMinutes":0,"updatedAt":{"$date":"2025-12-21T06:53:13.579Z"}}
{"_id":{"$oid":"694798af694a4c8c1cd5deec"},"user":{"$oid":"694798af9a48b3729e2f2fe8"},"__v":0,"createdAt":{"$date":"2025-12-21T06:50:23.669Z"},"paidHours":0,"paymentMethod":"other","students":[{"$oid":"69479909d88f15e2a4a4305c"},{"$oid":"69479959d52fb5cbf72c0cf7"}],"totalRemainingMinutes":0,"updatedAt":{"$date":"2025-12-21T06:53:13.59Z"}}
{"_id":{"$oid":"694798b0694a4c8c1cd5deed"},"user":{"$oid":"694798af9a48b3729e2f2fed"},"__v":0,"createdAt":{"$date":"2025-12-21T06:50:24.05Z"},"paidHours":0,"paymentMethod":"other","students":[{"$oid":"69479909d88f15e2a4a43063"},{"$oid":"69479959d52fb5cbf72c0cfd"}],"totalRemainingMinutes":0,"updatedAt":{"$date":"2025-12-21T06:53:13.598Z"}}
{"_id":{"$oid":"694798b0694a4c8c1cd5deee"},"user":{"$oid":"694798b09a48b3729e2f2ff2"},"__v":0,"createdAt":{"$date":"2025-12-21T06:50:24.429Z"},"paidHours":0,"paymentMethod":"other","students":[{"$oid":"69479909d88f15e2a4a4306a"},{"$oid":"69479959d52fb5cbf72c0d03"},{"$oid":"69479959d52fb5cbf72c0d08"}],"totalRemainingMinutes":0,"updatedAt":{"$date":"2025-12-21T06:53:13.61Z"}}
{"_id":{"$oid":"694798b0694a4c8c1cd5deef"},"user":{"$oid":"694798b09a48b3729e2f2ff7"},"__v":0,"createdAt":{"$date":"2025-12-21T06:50:24.814Z"},"paidHours":0,"paymentMethod":"other","students":[{"$oid":"69479909d88f15e2a4a43072"},{"$oid":"69479959d52fb5cbf72c0d0f"}],"totalRemainingMinutes":0,"updatedAt":{"$date":"2025-12-21T06:53:13.62Z"}}
{"_id":{"$oid":"694798b1694a4c8c1cd5def0"},"user":{"$oid":"694798b09a48b3729e2f2ffc"},"__v":0,"createdAt":{"$date":"2025-12-21T06:50:25.22Z"},"paidHours":0,"paymentMethod":"other","students":[{"$oid":"69479909d88f15e2a4a43079"},{"$oid":"69479959d52fb5cbf72c0d15"},{"$oid":"69479959d52fb5cbf72c0d1a"},{"$oid":"69479959d52fb5cbf72c0d1f"}],"totalRemainingMinutes":0,"updatedAt":{"$date":"2025-12-21T06:53:13.641Z"}}
{"_id":{"$oid":"694798b1694a4c8c1cd5def1"},"user":{"$oid":"694798b19a48b3729e2f3001"},"__v":0,"createdAt":{"$date":"2025-12-21T06:50:25.597Z"},"paidHours":0,"paymentMethod":"other","students":[{"$oid":"69479909d88f15e2a4a4308a"},{"$oid":"69479959d52fb5cbf72c0d32"}],"totalRemainingMinutes":0,"updatedAt":{"$date":"2025-12-21T06:53:13.669Z"}}
{"_id":{"$oid":"694798b1694a4c8c1cd5def2"},"user":{"$oid":"694798b19a48b3729e2f3006"},"__v":0,"createdAt":{"$date":"2025-12-21T06:50:25.972Z"},"paidHours":0,"paymentMethod":"other","students":[{"$oid":"69479909d88f15e2a4a43091"},{"$oid":"69479959d52fb5cbf72c0d38"}],"totalRemainingMinutes":0,"updatedAt":{"$date":"2025-12-21T06:53:13.688Z"}}
{"_id":{"$oid":"694798b2694a4c8c1cd5def3"},"user":{"$oid":"694798b19a48b3729e2f300b"},"__v":0,"createdAt":{"$date":"2025-12-21T06:50:26.351Z"},"paidHours":0,"paymentMethod":"other","students":[{"$oid":"69479909d88f15e2a4a430a4"},{"$oid":"69479959d52fb5cbf72c0d49"}],"totalRemainingMinutes":0,"updatedAt":{"$date":"2025-12-21T06:53:13.708Z"}}
{"_id":{"$oid":"694798b2694a4c8c1cd5def4"},"user":{"$oid":"694798b29a48b3729e2f3010"},"__v":0,"createdAt":{"$date":"2025-12-21T06:50:26.73Z"},"paidHours":0,"paymentMethod":"other","students":[{"$oid":"69479909d88f15e2a4a430ab"},{"$oid":"69479959d52fb5cbf72c0d4f"}],"totalRemainingMinutes":0,"updatedAt":{"$date":"2025-12-21T06:53:13.716Z"}}
{"_id":{"$oid":"694798b3694a4c8c1cd5def5"},"user":{"$oid":"694798b29a48b3729e2f3015"},"__v":0,"createdAt":{"$date":"2025-12-21T06:50:27.124Z"},"paidHours":0,"paymentMethod":"other","students":[{"$oid":"69479909d88f15e2a4a430b9"},{"$oid":"69479959d52fb5cbf72c0d5b"},{"$oid":"69479959d52fb5cbf72c0d60"},{"$oid":"69479959d52fb5cbf72c0d65"}],"totalRemainingMinutes":0,"updatedAt":{"$date":"2025-12-21T06:53:13.741Z"}}
{"_id":{"$oid":"694798b3694a4c8c1cd5def6"},"user":{"$oid":"694798b39a48b3729e2f301a"},"__v":0,"createdAt":{"$date":"2025-12-21T06:50:27.507Z"},"paidHours":0,"paymentMethod":"other","students":[{"$oid":"69479909d88f15e2a4a430c9"},{"$oid":"69479959d52fb5cbf72c0d72"},{"$oid":"69479959d52fb5cbf72c0d77"}],"totalRemainingMinutes":0,"updatedAt":{"$date":"2025-12-21T06:53:13.765Z"}}
{"_id":{"$oid":"694798b3694a4c8c1cd5def7"},"user":{"$oid":"694798b39a48b3729e2f301f"},"__v":0,"createdAt":{"$date":"2025-12-21T06:50:27.9Z"},"paidHours":0,"paymentMethod":"other","students":[{"$oid":"69479909d88f15e2a4a430d1"},{"$oid":"69479959d52fb5cbf72c0d7e"}],"totalRemainingMinutes":0,"updatedAt":{"$date":"2025-12-21T06:53:13.777Z"}}
{"_id":{"$oid":"694798b4694a4c8c1cd5def8"},"user":{"$oid":"694798b39a48b3729e2f3024"},"__v":0,"createdAt":{"$date":"2025-12-21T06:50:28.285Z"},"paidHours":0,"paymentMethod":"other","students":[{"$oid":"69479909d88f15e2a4a430d8"},{"$oid":"69479959d52fb5cbf72c0d84"}],"totalRemainingMinutes":0,"updatedAt":{"$date":"2025-12-21T06:53:13.784Z"}}
{"_id":{"$oid":"694798b4694a4c8c1cd5def9"},"user":{"$oid":"694798b49a48b3729e2f3029"},"__v":0,"createdAt":{"$date":"2025-12-21T06:50:28.664Z"},"paidHours":0,"paymentMethod":"other","students":[{"$oid":"69479909d88f15e2a4a430e9"},{"$oid":"69479959d52fb5cbf72c0da0"}],"totalRemainingMinutes":0,"updatedAt":{"$date":"2025-12-21T06:53:13.821Z"}}
{"_id":{"$oid":"694798b5694a4c8c1cd5defa"},"user":{"$oid":"694798b49a48b3729e2f302e"},"__v":0,"createdAt":{"$date":"2025-12-21T06:50:29.041Z"},"paidHours":0,"paymentMethod":"other","students":[{"$oid":"69479909d88f15e2a4a430f0"},{"$oid":"69479959d52fb5cbf72c0da6"},{"$oid":"69479959d52fb5cbf72c0dab"}],"totalRemainingMinutes":0,"updatedAt":{"$date":"2025-12-21T06:53:13.834Z"}}
{"_id":{"$oid":"694798b5694a4c8c1cd5defb"},"user":{"$oid":"694798b59a48b3729e2f3033"},"__v":0,"createdAt":{"$date":"2025-12-21T06:50:29.42Z"},"paidHours":0,"paymentMethod":"other","students":[{"$oid":"69479909d88f15e2a4a430f8"},{"$oid":"69479959d52fb5cbf72c0db2"}],"totalRemainingMinutes":0,"updatedAt":{"$date":"2025-12-21T06:53:13.845Z"}}
{"_id":{"$oid":"694798b5694a4c8c1cd5defc"},"user":{"$oid":"694798b59a48b3729e2f3038"},"__v":0,"createdAt":{"$date":"2025-12-21T06:50:29.798Z"},"paidHours":0,"paymentMethod":"other","students":[{"$oid":"69479909d88f15e2a4a430ff"},{"$oid":"69479959d52fb5cbf72c0db8"}],"totalRemainingMinutes":0,"updatedAt":{"$date":"2025-12-21T06:53:13.852Z"}}
{"_id":{"$oid":"694798b6694a4c8c1cd5defd"},"user":{"$oid":"694798b59a48b3729e2f303d"},"__v":0,"createdAt":{"$date":"2025-12-21T06:50:30.174Z"},"paidHours":0,"paymentMethod":"other","students":[{"$oid":"69479909d88f15e2a4a4310d"},{"$oid":"69479959d52fb5cbf72c0dc4"},{"$oid":"69479959d52fb5cbf72c0dc9"},{"$oid":"69479959d52fb5cbf72c0dce"},{"$oid":"69479959d52fb5cbf72c0dd3"}],"totalRemainingMinutes":0,"updatedAt":{"$date":"2025-12-21T06:53:13.885Z"}}
{"_id":{"$oid":"694798b6694a4c8c1cd5defe"},"user":{"$oid":"694798b69a48b3729e2f3042"},"__v":0,"createdAt":{"$date":"2025-12-21T06:50:30.551Z"},"paidHours":0,"paymentMethod":"other","students":[{"$oid":"6947990ad88f15e2a4a4311e"},{"$oid":"69479959d52fb5cbf72c0de0"},{"$oid":"69479959d52fb5cbf72c0de5"}],"totalRemainingMinutes":0,"updatedAt":{"$date":"2025-12-21T06:53:13.939Z"}}
{"_id":{"$oid":"694798b6694a4c8c1cd5deff"},"user":{"$oid":"694798b69a48b3729e2f3047"},"__v":0,"createdAt":{"$date":"2025-12-21T06:50:30.928Z"},"paidHours":0,"paymentMethod":"other","students":[{"$oid":"6947990ad88f15e2a4a4312e"},{"$oid":"69479959d52fb5cbf72c0df8"},{"$oid":"69479959d52fb5cbf72c0dfd"}],"totalRemainingMinutes":0,"updatedAt":{"$date":"2025-12-21T06:53:13.975Z"}}
{"_id":{"$oid":"694798b7694a4c8c1cd5df00"},"user":{"$oid":"694798b69a48b3729e2f304c"},"__v":0,"createdAt":{"$date":"2025-12-21T06:50:31.307Z"},"paidHours":0,"paymentMethod":"other","students":[{"$oid":"6947990ad88f15e2a4a4313d"},{"$oid":"69479959d52fb5cbf72c0e0a"},{"$oid":"69479959d52fb5cbf72c0e0f"},{"$oid":"6947995ad52fb5cbf72c0e14"}],"totalRemainingMinutes":0,"updatedAt":{"$date":"2025-12-21T06:53:14.006Z"}}
{"_id":{"$oid":"694798b7694a4c8c1cd5df01"},"user":{"$oid":"694798b79a48b3729e2f3051"},"__v":0,"createdAt":{"$date":"2025-12-21T06:50:31.696Z"},"paidHours":0,"paymentMethod":"other","students":[{"$oid":"6947990ad88f15e2a4a4314d"},{"$oid":"6947995ad52fb5cbf72c0e21"},{"$oid":"6947995ad52fb5cbf72c0e26"}],"totalRemainingMinutes":0,"updatedAt":{"$date":"2025-12-21T06:53:14.03Z"}}
{"_id":{"$oid":"694798b8694a4c8c1cd5df02"},"user":{"$oid":"694798b79a48b3729e2f3056"},"__v":0,"createdAt":{"$date":"2025-12-21T06:50:32.076Z"},"paidHours":0,"paymentMethod":"other","students":[{"$oid":"6947990ad88f15e2a4a43155"},{"$oid":"6947995ad52fb5cbf72c0e2d"},{"$oid":"6947995ad52fb5cbf72c0e32"}],"totalRemainingMinutes":0,"updatedAt":{"$date":"2025-12-21T06:53:14.046Z"}}
{"_id":{"$oid":"694798b8694a4c8c1cd5df03"},"user":{"$oid":"694798b89a48b3729e2f305b"},"__v":0,"createdAt":{"$date":"2025-12-21T06:50:32.456Z"},"paidHours":0,"paymentMethod":"other","students":[{"$oid":"6947990ad88f15e2a4a4316a"},{"$oid":"6947995ad52fb5cbf72c0e4a"}],"totalRemainingMinutes":0,"updatedAt":{"$date":"2025-12-21T06:53:14.08Z"}}
{"_id":{"$oid":"694798b8694a4c8c1cd5df04"},"user":{"$oid":"694798b89a48b3729e2f3060"},"__v":0,"createdAt":{"$date":"2025-12-21T06:50:32.878Z"},"paidHours":0,"paymentMethod":"other","students":[{"$oid":"6947990ad88f15e2a4a43178"},{"$oid":"6947995ad52fb5cbf72c0e56"},{"$oid":"6947995ad52fb5cbf72c0e5b"},{"$oid":"6947995ad52fb5cbf72c0e60"}],"totalRemainingMinutes":0,"updatedAt":{"$date":"2025-12-21T06:53:14.104Z"}}
{"_id":{"$oid":"694798b9694a4c8c1cd5df05"},"user":{"$oid":"694798b89a48b3729e2f3065"},"__v":0,"createdAt":{"$date":"2025-12-21T06:50:33.252Z"},"paidHours":0,"paymentMethod":"other","students":[{"$oid":"6947990ad88f15e2a4a43181"},{"$oid":"6947995ad52fb5cbf72c0e67"}],"totalRemainingMinutes":0,"updatedAt":{"$date":"2025-12-21T06:53:14.116Z"}}
{"_id":{"$oid":"694798b9694a4c8c1cd5df06"},"user":{"$oid":"694798b99a48b3729e2f306a"},"__v":0,"createdAt":{"$date":"2025-12-21T06:50:33.629Z"},"paidHours":0,"paymentMethod":"other","students":[{"$oid":"6947990ad88f15e2a4a43188"},{"$oid":"6947995ad52fb5cbf72c0e6d"},{"$oid":"6947995ad52fb5cbf72c0e72"}],"totalRemainingMinutes":0,"updatedAt":{"$date":"2025-12-21T06:53:14.128Z"}}
{"_id":{"$oid":"694798ba694a4c8c1cd5df07"},"user":{"$oid":"694798b99a48b3729e2f306f"},"__v":0,"createdAt":{"$date":"2025-12-21T06:50:34.004Z"},"paidHours":0,"paymentMethod":"other","students":[{"$oid":"6947990ad88f15e2a4a431a8"},{"$oid":"6947995ad52fb5cbf72c0e8f"}],"totalRemainingMinutes":0,"updatedAt":{"$date":"2025-12-21T06:53:14.163Z"}}
{"_id":{"$oid":"694798ba694a4c8c1cd5df08"},"user":{"$oid":"694798ba9a48b3729e2f3074"},"__v":0,"createdAt":{"$date":"2025-12-21T06:50:34.382Z"},"paidHours":0,"paymentMethod":"other","students":[{"$oid":"6947990ad88f15e2a4a431af"},{"$oid":"6947995ad52fb5cbf72c0e95"}],"totalRemainingMinutes":0,"updatedAt":{"$date":"2025-12-21T06:53:14.17Z"}}
{"_id":{"$oid":"694798ba694a4c8c1cd5df09"},"user":{"$oid":"694798ba9a48b3729e2f3079"},"__v":0,"createdAt":{"$date":"2025-12-21T06:50:34.758Z"},"paidHours":0,"paymentMethod":"other","students":[{"$oid":"6947990ad88f15e2a4a431b6"},{"$oid":"6947995ad52fb5cbf72c0e9b"}],"totalRemainingMinutes":0,"updatedAt":{"$date":"2025-12-21T06:53:14.177Z"}}
{"_id":{"$oid":"694798bb694a4c8c1cd5df0a"},"user":{"$oid":"694798ba9a48b3729e2f307e"},"__v":0,"createdAt":{"$date":"2025-12-21T06:50:35.159Z"},"paidHours":0,"paymentMethod":"other","students":[{"$oid":"6947990ad88f15e2a4a431bd"},{"$oid":"6947995ad52fb5cbf72c0ea1"},{"$oid":"6947995ad52fb5cbf72c0ea6"},{"$oid":"6947995ad52fb5cbf72c0eab"}],"totalRemainingMinutes":0,"updatedAt":{"$date":"2025-12-21T06:53:14.194Z"}}
{"_id":{"$oid":"694798bb694a4c8c1cd5df0b"},"user":{"$oid":"694798bb9a48b3729e2f3083"},"__v":0,"createdAt":{"$date":"2025-12-21T06:50:35.532Z"},"paidHours":0,"paymentMethod":"other","students":[{"$oid":"6947990ad88f15e2a4a431c6"},{"$oid":"6947995ad52fb5cbf72c0eb2"}],"totalRemainingMinutes":0,"updatedAt":{"$date":"2025-12-21T06:53:14.204Z"}}
{"_id":{"$oid":"694798bb694a4c8c1cd5df0c"},"user":{"$oid":"694798bb9a48b3729e2f3088"},"__v":0,"createdAt":{"$date":"2025-12-21T06:50:35.906Z"},"paidHours":0,"paymentMethod":"other","students":[{"$oid":"6947990ad88f15e2a4a431db"},{"$oid":"6947995ad52fb5cbf72c0ec4"}],"totalRemainingMinutes":0,"updatedAt":{"$date":"2025-12-21T06:53:14.223Z"}}
{"_id":{"$oid":"694798bc694a4c8c1cd5df0d"},"user":{"$oid":"694798bb9a48b3729e2f308d"},"__v":0,"createdAt":{"$date":"2025-12-21T06:50:36.283Z"},"paidHours":0,"paymentMethod":"other","students":[{"$oid":"6947990ad88f15e2a4a431cd"},{"$oid":"6947995ad52fb5cbf72c0eb8"}],"totalRemainingMinutes":0,"updatedAt":{"$date":"2025-12-21T06:53:14.211Z"}}
{"_id":{"$oid":"694798bc694a4c8c1cd5df0e"},"user":{"$oid":"694798bc9a48b3729e2f3092"},"__v":0,"createdAt":{"$date":"2025-12-21T06:50:36.657Z"},"paidHours":0,"paymentMethod":"other","students":[{"$oid":"6947990ad88f15e2a4a431e2"},{"$oid":"6947995ad52fb5cbf72c0eca"}],"totalRemainingMinutes":0,"updatedAt":{"$date":"2025-12-21T06:53:14.23Z"}}
{"_id":{"$oid":"694798bd694a4c8c1cd5df0f"},"user":{"$oid":"694798bc9a48b3729e2f3097"},"__v":0,"createdAt":{"$date":"2025-12-21T06:50:37.034Z"},"paidHours":0,"paymentMethod":"other","students":[{"$oid":"6947990ad88f15e2a4a431f1"},{"$oid":"6947995ad52fb5cbf72c0edc"}],"totalRemainingMinutes":0,"updatedAt":{"$date":"2025-12-21T06:53:14.251Z"}}
{"_id":{"$oid":"694798bd694a4c8c1cd5df10"},"user":{"$oid":"694798bd9a48b3729e2f309c"},"__v":0,"createdAt":{"$date":"2025-12-21T06:50:37.423Z"},"paidHours":0,"paymentMethod":"other","students":[{"$oid":"6947990ad88f15e2a4a431f8"},{"$oid":"6947995ad52fb5cbf72c0ee2"}],"totalRemainingMinutes":0,"updatedAt":{"$date":"2025-12-21T06:53:14.258Z"}}
{"_id":{"$oid":"694798bd694a4c8c1cd5df11"},"user":{"$oid":"694798bd9a48b3729e2f30a1"},"__v":0,"createdAt":{"$date":"2025-12-21T06:50:37.798Z"},"paidHours":0,"paymentMethod":"other","students":[{"$oid":"6947990ad88f15e2a4a431ff"},{"$oid":"6947995ad52fb5cbf72c0ee8"}],"totalRemainingMinutes":0,"updatedAt":{"$date":"2025-12-21T06:53:14.264Z"}}
{"_id":{"$oid":"694798be694a4c8c1cd5df12"},"user":{"$oid":"694798bd9a48b3729e2f30a6"},"__v":0,"createdAt":{"$date":"2025-12-21T06:50:38.172Z"},"paidHours":0,"paymentMethod":"other","students":[{"$oid":"6947990ad88f15e2a4a4320e"},{"$oid":"6947995ad52fb5cbf72c0efa"}],"totalRemainingMinutes":0,"updatedAt":{"$date":"2025-12-21T06:53:14.286Z"}}
{"_id":{"$oid":"694798be694a4c8c1cd5df13"},"user":{"$oid":"694798be9a48b3729e2f30ab"},"__v":0,"createdAt":{"$date":"2025-12-21T06:50:38.549Z"},"paidHours":0,"paymentMethod":"other","students":[{"$oid":"6947990ad88f15e2a4a43215"},{"$oid":"6947995ad52fb5cbf72c0f00"},{"$oid":"6947995ad52fb5cbf72c0f05"}],"totalRemainingMinutes":0,"updatedAt":{"$date":"2025-12-21T06:53:14.298Z"}}
{"_id":{"$oid":"694798be694a4c8c1cd5df14"},"user":{"$oid":"694798be9a48b3729e2f30b0"},"__v":0,"createdAt":{"$date":"2025-12-21T06:50:38.94Z"},"paidHours":0,"paymentMethod":"other","students":[{"$oid":"6947990ad88f15e2a4a43229"},{"$oid":"6947995ad52fb5cbf72c0f17"},{"$oid":"6947995ad52fb5cbf72c0f1c"}],"totalRemainingMinutes":0,"updatedAt":{"$date":"2025-12-21T06:53:14.325Z"}}
{"_id":{"$oid":"694798bf694a4c8c1cd5df15"},"user":{"$oid":"694798be9a48b3729e2f30b5"},"__v":0,"createdAt":{"$date":"2025-12-21T06:50:39.337Z"},"paidHours":0,"paymentMethod":"other","students":[{"$oid":"6947990ad88f15e2a4a4321d"},{"$oid":"6947990ad88f15e2a4a43222"},{"$oid":"6947995ad52fb5cbf72c0f0d"},{"$oid":"6947995ad52fb5cbf72c0f11"}],"totalRemainingMinutes":0,"updatedAt":{"$date":"2025-12-21T06:53:14.313Z"}}
{"_id":{"$oid":"694798bf694a4c8c1cd5df16"},"user":{"$oid":"694798bf9a48b3729e2f30ba"},"__v":0,"createdAt":{"$date":"2025-12-21T06:50:39.717Z"},"paidHours":0,"paymentMethod":"other","students":[{"$oid":"6947990ad88f15e2a4a43206"},{"$oid":"6947995ad52fb5cbf72c0eee"},{"$oid":"6947995ad52fb5cbf72c0ef3"}],"totalRemainingMinutes":0,"updatedAt":{"$date":"2025-12-21T06:53:14.277Z"}}
{"_id":{"$oid":"694798c0694a4c8c1cd5df17"},"user":{"$oid":"694798bf9a48b3729e2f30bf"},"__v":0,"createdAt":{"$date":"2025-12-21T06:50:40.091Z"},"paidHours":0,"paymentMethod":"other","students":[{"$oid":"6947990ad88f15e2a4a431e9"},{"$oid":"6947995ad52fb5cbf72c0ed0"},{"$oid":"6947995ad52fb5cbf72c0ed5"}],"totalRemainingMinutes":0,"updatedAt":{"$date":"2025-12-21T06:53:14.242Z"}}
{"_id":{"$oid":"694798c0694a4c8c1cd5df18"},"user":{"$oid":"694798c09a48b3729e2f30c4"},"__v":0,"createdAt":{"$date":"2025-12-21T06:50:40.466Z"},"paidHours":0,"paymentMethod":"other","students":[{"$oid":"6947990ad88f15e2a4a431d4"},{"$oid":"6947995ad52fb5cbf72c0ebe"}],"totalRemainingMinutes":0,"updatedAt":{"$date":"2025-12-21T06:53:14.217Z"}}
{"_id":{"$oid":"694798c0694a4c8c1cd5df19"},"user":{"$oid":"694798c09a48b3729e2f30c9"},"__v":0,"createdAt":{"$date":"2025-12-21T06:50:40.841Z"},"paidHours":0,"paymentMethod":"other","students":[{"$oid":"6947990ad88f15e2a4a431a1"},{"$oid":"6947995ad52fb5cbf72c0e89"}],"totalRemainingMinutes":0,"updatedAt":{"$date":"2025-12-21T06:53:14.156Z"}}
{"_id":{"$oid":"694798c1694a4c8c1cd5df1a"},"user":{"$oid":"694798c09a48b3729e2f30ce"},"__v":0,"createdAt":{"$date":"2025-12-21T06:50:41.217Z"},"paidHours":0,"paymentMethod":"other","students":[{"$oid":"6947990ad88f15e2a4a43190"},{"$oid":"6947990ad88f15e2a4a43195"},{"$oid":"6947990ad88f15e2a4a4319a"},{"$oid":"6947995ad52fb5cbf72c0e7b"},{"$oid":"6947995ad52fb5cbf72c0e7f"},{"$oid":"6947995ad52fb5cbf72c0e83"}],"totalRemainingMinutes":0,"updatedAt":{"$date":"2025-12-21T06:53:14.149Z"}}
{"_id":{"$oid":"694798c1694a4c8c1cd5df1b"},"user":{"$oid":"694798c19a48b3729e2f30d3"},"__v":0,"createdAt":{"$date":"2025-12-21T06:50:41.594Z"},"paidHours":0,"paymentMethod":"other","students":[{"$oid":"69479909d88f15e2a4a43039"},{"$oid":"69479909d88f15e2a4a4303f"},{"$oid":"69479959d52fb5cbf72c0cc6"},{"$oid":"69479959d52fb5cbf72c0ccb"},{"$oid":"69479959d52fb5cbf72c0ccf"},{"$oid":"69479959d52fb5cbf72c0cd4"},{"$oid":"69479959d52fb5cbf72c0cd9"}],"totalRemainingMinutes":0,"updatedAt":{"$date":"2025-12-21T06:53:13.547Z"}}
{"_id":{"$oid":"694798c1694a4c8c1cd5df1c"},"user":{"$oid":"694798c19a48b3729e2f30d8"},"__v":0,"createdAt":{"$date":"2025-12-21T06:50:41.97Z"},"paidHours":0,"paymentMethod":"other","students":[{"$oid":"6947990ad88f15e2a4a43171"},{"$oid":"6947995ad52fb5cbf72c0e50"}],"totalRemainingMinutes":0,"updatedAt":{"$date":"2025-12-21T06:53:14.087Z"}}
{"_id":{"$oid":"694798c2694a4c8c1cd5df1d"},"user":{"$oid":"694798c19a48b3729e2f30dd"},"__v":0,"createdAt":{"$date":"2025-12-21T06:50:42.348Z"},"paidHours":0,"paymentMethod":"other","students":[{"$oid":"6947990ad88f15e2a4a4315d"},{"$oid":"6947990ad88f15e2a4a43163"},{"$oid":"6947995ad52fb5cbf72c0e3a"},{"$oid":"6947995ad52fb5cbf72c0e3f"},{"$oid":"6947995ad52fb5cbf72c0e43"}],"totalRemainingMinutes":0,"updatedAt":{"$date":"2025-12-21T06:53:14.069Z"}}
{"_id":{"$oid":"694798c2694a4c8c1cd5df1e"},"user":{"$oid":"694798c29a48b3729e2f30e2"},"__v":0,"createdAt":{"$date":"2025-12-21T06:50:42.721Z"},"paidHours":0,"paymentMethod":"other","students":[{"$oid":"6947990ad88f15e2a4a43146"},{"$oid":"6947995ad52fb5cbf72c0e1b"}],"totalRemainingMinutes":0,"updatedAt":{"$date":"2025-12-21T06:53:14.017Z"}}
{"_id":{"$oid":"694798c3694a4c8c1cd5df1f"},"user":{"$oid":"694798c29a48b3729e2f30e7"},"__v":0,"createdAt":{"$date":"2025-12-21T06:50:43.096Z"},"paidHours":0,"paymentMethod":"other","students":[{"$oid":"6947990ad88f15e2a4a43136"},{"$oid":"69479959d52fb5cbf72c0e04"}],"totalRemainingMinutes":0,"updatedAt":{"$date":"2025-12-21T06:53:13.987Z"}}
{"_id":{"$oid":"694798c3694a4c8c1cd5df20"},"user":{"$oid":"694798c39a48b3729e2f30ec"},"__v":0,"createdAt":{"$date":"2025-12-21T06:50:43.474Z"},"paidHours":0,"paymentMethod":"other","students":[{"$oid":"6947990ad88f15e2a4a43126"},{"$oid":"69479959d52fb5cbf72c0dec"},{"$oid":"69479959d52fb5cbf72c0df1"}],"totalRemainingMinutes":0,"updatedAt":{"$date":"2025-12-21T06:53:13.957Z"}}
{"_id":{"$oid":"694798c3694a4c8c1cd5df21"},"user":{"$oid":"694798c39a48b3729e2f30f1"},"__v":0,"createdAt":{"$date":"2025-12-21T06:50:43.855Z"},"paidHours":0,"paymentMethod":"other","students":[{"$oid":"69479909d88f15e2a4a43117"},{"$oid":"69479959d52fb5cbf72c0dda"}],"totalRemainingMinutes":0,"updatedAt":{"$date":"2025-12-21T06:53:13.928Z"}}
{"_id":{"$oid":"694798c4694a4c8c1cd5df22"},"user":{"$oid":"694798c39a48b3729e2f30f6"},"__v":0,"createdAt":{"$date":"2025-12-21T06:50:44.232Z"},"paidHours":0,"paymentMethod":"other","students":[{"$oid":"69479909d88f15e2a4a43106"},{"$oid":"69479959d52fb5cbf72c0dbe"}],"totalRemainingMinutes":0,"updatedAt":{"$date":"2025-12-21T06:53:13.859Z"}}
{"_id":{"$oid":"694798c4694a4c8c1cd5df23"},"user":{"$oid":"694798c49a48b3729e2f30fb"},"__v":0,"createdAt":{"$date":"2025-12-21T06:50:44.61Z"},"paidHours":0,"paymentMethod":"other","students":[{"$oid":"69479909d88f15e2a4a430df"},{"$oid":"69479959d52fb5cbf72c0d8a"},{"$oid":"69479959d52fb5cbf72c0d8f"},{"$oid":"69479959d52fb5cbf72c0d94"},{"$oid":"69479959d52fb5cbf72c0d99"}],"totalRemainingMinutes":0,"updatedAt":{"$date":"2025-12-21T06:53:13.808Z"}}
{"_id":{"$oid":"694798c4694a4c8c1cd5df24"},"user":{"$oid":"694798c49a48b3729e2f3100"},"__v":0,"createdAt":{"$date":"2025-12-21T06:50:44.985Z"},"paidHours":0,"paymentMethod":"other","students":[{"$oid":"69479909d88f15e2a4a430c2"},{"$oid":"69479959d52fb5cbf72c0d6c"}],"totalRemainingMinutes":0,"updatedAt":{"$date":"2025-12-21T06:53:13.752Z"}}
{"_id":{"$oid":"694798c5694a4c8c1cd5df25"},"user":{"$oid":"694798c49a48b3729e2f3105"},"__v":0,"createdAt":{"$date":"2025-12-21T06:50:45.362Z"},"paidHours":0,"paymentMethod":"other","students":[{"$oid":"69479909d88f15e2a4a430b2"},{"$oid":"69479959d52fb5cbf72c0d55"}],"totalRemainingMinutes":0,"updatedAt":{"$date":"2025-12-21T06:53:13.723Z"}}
{"_id":{"$oid":"694798c5694a4c8c1cd5df26"},"user":{"$oid":"694798c59a48b3729e2f310a"},"__v":0,"createdAt":{"$date":"2025-12-21T06:50:45.741Z"},"paidHours":0,"paymentMethod":"other","students":[{"$oid":"69479909d88f15e2a4a43098"},{"$oid":"69479909d88f15e2a4a4309d"},{"$oid":"69479959d52fb5cbf72c0d3f"},{"$oid":"69479959d52fb5cbf72c0d43"}],"totalRemainingMinutes":0,"updatedAt":{"$date":"2025-12-21T06:53:13.701Z"}}
{"_id":{"$oid":"694798c6694a4c8c1cd5df27"},"user":{"$oid":"694798c59a48b3729e2f310f"},"__v":0,"createdAt":{"$date":"2025-12-21T06:50:46.117Z"},"paidHours":0,"paymentMethod":"other","students":[{"$oid":"69479909d88f15e2a4a43082"},{"$oid":"69479959d52fb5cbf72c0d26"},{"$oid":"69479959d52fb5cbf72c0d2b"}],"totalRemainingMinutes":0,"updatedAt":{"$date":"2025-12-21T06:53:13.658Z"}}
{"_id":{"$oid":"694798c6694a4c8c1cd5df28"},"user":{"$oid":"694798c69a48b3729e2f3114"},"__v":0,"createdAt":{"$date":"2025-12-21T06:50:46.494Z"},"paidHours":0,"paymentMethod":"other","students":[{"$oid":"6947990ad88f15e2a4a43231"},{"$oid":"6947995ad52fb5cbf72c0f23"}],"totalRemainingMinutes":0,"updatedAt":{"$date":"2025-12-21T06:53:14.334Z"}}
{"_id":{"$oid":"694798c6694a4c8c1cd5df29"},"user":{"$oid":"694798c69a48b3729e2f3119"},"__v":0,"createdAt":{"$date":"2025-12-21T06:50:46.869Z"},"paidHours":0,"paymentMethod":"other","students":[{"$oid":"6947990ad88f15e2a4a43238"},{"$oid":"6947995ad52fb5cbf72c0f29"}],"totalRemainingMinutes":0,"updatedAt":{"$date":"2025-12-21T06:53:14.342Z"}}
{"_id":{"$oid":"694798c7694a4c8c1cd5df2a"},"user":{"$oid":"694798c69a48b3729e2f311e"},"__v":0,"createdAt":{"$date":"2025-12-21T06:50:47.245Z"},"paidHours":0,"paymentMethod":"other","students":[{"$oid":"6947990ad88f15e2a4a4323f"},{"$oid":"6947995ad52fb5cbf72c0f2f"}],"totalRemainingMinutes":0,"updatedAt":{"$date":"2025-12-21T06:53:14.349Z"}}
{"_id":{"$oid":"694798c7694a4c8c1cd5df2b"},"user":{"$oid":"694798c79a48b3729e2f3123"},"__v":0,"createdAt":{"$date":"2025-12-21T06:50:47.62Z"},"paidHours":0,"paymentMethod":"other","students":[{"$oid":"6947990ad88f15e2a4a43246"},{"$oid":"6947995ad52fb5cbf72c0f35"},{"$oid":"6947995ad52fb5cbf72c0f3a"}],"totalRemainingMinutes":0,"updatedAt":{"$date":"2025-12-21T06:53:14.362Z"}}
{"_id":{"$oid":"694798c7694a4c8c1cd5df2c"},"user":{"$oid":"694798c79a48b3729e2f3128"},"__v":0,"createdAt":{"$date":"2025-12-21T06:50:47.994Z"},"paidHours":0,"paymentMethod":"other","students":[{"$oid":"6947990ad88f15e2a4a4324e"},{"$oid":"6947995ad52fb5cbf72c0f41"}],"totalRemainingMinutes":0,"updatedAt":{"$date":"2025-12-21T06:53:14.374Z"}}
{"_id":{"$oid":"694798c8694a4c8c1cd5df2d"},"user":{"$oid":"694798c79a48b3729e2f312d"},"__v":0,"createdAt":{"$date":"2025-12-21T06:50:48.368Z"},"paidHours":0,"paymentMethod":"other","students":[{"$oid":"6947990ad88f15e2a4a43255"},{"$oid":"6947995ad52fb5cbf72c0f47"}],"totalRemainingMinutes":0,"updatedAt":{"$date":"2025-12-21T06:53:14.381Z"}}
{"_id":{"$oid":"694798c8694a4c8c1cd5df2e"},"user":{"$oid":"694798c89a48b3729e2f3132"},"__v":0,"createdAt":{"$date":"2025-12-21T06:50:48.744Z"},"paidHours":0,"paymentMethod":"other","students":[{"$oid":"6947990ad88f15e2a4a4325c"},{"$oid":"694799267240643ba08c96a4"},{"$oid":"6947995ad52fb5cbf72c0f4e"},{"$oid":"6947995ad52fb5cbf72c0f53"},{"$oid":"6947995ad52fb5cbf72c0f58"},{"$oid":"6947995ad52fb5cbf72c0f5c"}],"totalRemainingMinutes":0,"updatedAt":{"$date":"2025-12-21T06:53:14.403Z"}}
{"_id":{"$oid":"694798c9694a4c8c1cd5df2f"},"user":{"$oid":"694798c89a48b3729e2f3137"},"__v":0,"createdAt":{"$date":"2025-12-21T06:50:49.118Z"},"paidHours":0,"paymentMethod":"other","students":[{"$oid":"694799267240643ba08c96b2"},{"$oid":"6947995ad52fb5cbf72c0f69"}],"totalRemainingMinutes":0,"updatedAt":{"$date":"2025-12-21T06:53:14.438Z"}}
{"_id":{"$oid":"694798c9694a4c8c1cd5df30"},"user":{"$oid":"694798c99a48b3729e2f313c"},"__v":0,"createdAt":{"$date":"2025-12-21T06:50:49.494Z"},"paidHours":0,"paymentMethod":"other","students":[{"$oid":"694799267240643ba08c96ab"},{"$oid":"6947995ad52fb5cbf72c0f63"}],"totalRemainingMinutes":0,"updatedAt":{"$date":"2025-12-21T06:53:14.432Z"}}
{"_id":{"$oid":"694798c9694a4c8c1cd5df31"},"user":{"$oid":"694798c99a48b3729e2f3141"},"__v":0,"createdAt":{"$date":"2025-12-21T06:50:49.869Z"},"paidHours":0,"paymentMethod":"other","students":[{"$oid":"694799267240643ba08c96b9"},{"$oid":"694799267240643ba08c96be"},{"$oid":"6947995ad52fb5cbf72c0f70"},{"$oid":"6947995ad52fb5cbf72c0f74"}],"totalRemainingMinutes":0,"updatedAt":{"$date":"2025-12-21T06:53:14.452Z"}}
{"_id":{"$oid":"694798ca694a4c8c1cd5df32"},"user":{"$oid":"694798c99a48b3729e2f3146"},"__v":0,"createdAt":{"$date":"2025-12-21T06:50:50.245Z"},"paidHours":0,"paymentMethod":"other","students":[{"$oid":"694799267240643ba08c96c5"},{"$oid":"6947995ad52fb5cbf72c0f7a"}],"totalRemainingMinutes":0,"updatedAt":{"$date":"2025-12-21T06:53:14.46Z"}}
{"_id":{"$oid":"694798ca694a4c8c1cd5df33"},"user":{"$oid":"694798ca9a48b3729e2f314b"},"__v":0,"createdAt":{"$date":"2025-12-21T06:50:50.622Z"},"paidHours":0,"paymentMethod":"other","students":[{"$oid":"694799267240643ba08c96cc"},{"$oid":"6947995ad52fb5cbf72c0f80"}],"totalRemainingMinutes":0,"updatedAt":{"$date":"2025-12-21T06:53:14.467Z"}}
{"_id":{"$oid":"694798cb694a4c8c1cd5df34"},"user":{"$oid":"694798ca9a48b3729e2f3150"},"__v":0,"createdAt":{"$date":"2025-12-21T06:50:50.999Z"},"paidHours":0,"paymentMethod":"other","students":[{"$oid":"694799267240643ba08c96d3"},{"$oid":"6947995ad52fb5cbf72c0f86"}],"totalRemainingMinutes":0,"updatedAt":{"$date":"2025-12-21T06:53:14.474Z"}}
{"_id":{"$oid":"694798cb694a4c8c1cd5df35"},"user":{"$oid":"694798cb9a48b3729e2f3155"},"__v":0,"createdAt":{"$date":"2025-12-21T06:50:51.378Z"},"paidHours":0,"paymentMethod":"other","students":[{"$oid":"694799267240643ba08c96da"},{"$oid":"694799267240643ba08c96df"},{"$oid":"6947995ad52fb5cbf72c0f8d"},{"$oid":"6947995ad52fb5cbf72c0f91"}],"totalRemainingMinutes":0,"updatedAt":{"$date":"2025-12-21T06:53:14.485Z"}}
{"_id":{"$oid":"694798de694a4c8c1cd5df36"},"user":{"$oid":"694798de8204bf155e371fc2"},"__v":0,"createdAt":{"$date":"2025-12-21T06:51:10.482Z"},"paidHours":0,"paymentMethod":"other","students":[{"$oid":"694799267240643ba08c96e6"},{"$oid":"6947995ad52fb5cbf72c0f97"},{"$oid":"6947995ad52fb5cbf72c0f9c"}],"totalRemainingMinutes":0,"updatedAt":{"$date":"2025-12-21T06:53:14.497Z"}}
{"_id":{"$oid":"694798de694a4c8c1cd5df37"},"user":{"$oid":"694798de8204bf155e371fc7"},"__v":0,"createdAt":{"$date":"2025-12-21T06:51:10.863Z"},"paidHours":0,"paymentMethod":"other","students":[{"$oid":"694799267240643ba08c96ee"},{"$oid":"6947995ad52fb5cbf72c0fa3"},{"$oid":"6947995ad52fb5cbf72c0fa8"}],"totalRemainingMinutes":0,"updatedAt":{"$date":"2025-12-21T06:53:14.512Z"}}
{"_id":{"$oid":"694798df694a4c8c1cd5df38"},"user":{"$oid":"694798de8204bf155e371fcc"},"__v":0,"createdAt":{"$date":"2025-12-21T06:51:11.249Z"},"paidHours":0,"paymentMethod":"other","students":[{"$oid":"694799267240643ba08c96fd"},{"$oid":"6947995ad52fb5cbf72c0fb5"},{"$oid":"6947995ad52fb5cbf72c0fba"}],"totalRemainingMinutes":0,"updatedAt":{"$date":"2025-12-21T06:53:14.534Z"}}
{"_id":{"$oid":"694798df694a4c8c1cd5df39"},"user":{"$oid":"694798df8204bf155e371fd1"},"__v":0,"createdAt":{"$date":"2025-12-21T06:51:11.634Z"},"paidHours":0,"paymentMethod":"other","students":[{"$oid":"694799267240643ba08c9705"},{"$oid":"6947995ad52fb5cbf72c0fc1"}],"totalRemainingMinutes":0,"updatedAt":{"$date":"2025-12-21T06:53:14.545Z"}}
{"_id":{"$oid":"694798e0694a4c8c1cd5df3a"},"user":{"$oid":"694798df8204bf155e371fd6"},"__v":0,"createdAt":{"$date":"2025-12-21T06:51:12.017Z"},"paidHours":0,"paymentMethod":"other","students":[{"$oid":"694799267240643ba08c96f6"},{"$oid":"6947995ad52fb5cbf72c0faf"}],"totalRemainingMinutes":0,"updatedAt":{"$date":"2025-12-21T06:53:14.521Z"}}
{"_id":{"$oid":"694798e0694a4c8c1cd5df3b"},"user":{"$oid":"694798e08204bf155e371fdb"},"__v":0,"createdAt":{"$date":"2025-12-21T06:51:12.396Z"},"paidHours":0,"paymentMethod":"other","students":[{"$oid":"694799267240643ba08c970c"},{"$oid":"6947995ad52fb5cbf72c0fc7"},{"$oid":"6947995ad52fb5cbf72c0fcc"}],"totalRemainingMinutes":0,"updatedAt":{"$date":"2025-12-21T06:53:14.556Z"}}
{"_id":{"$oid":"694798e0694a4c8c1cd5df3c"},"user":{"$oid":"694798e08204bf155e371fe0"},"__v":0,"createdAt":{"$date":"2025-12-21T06:51:12.771Z"},"paidHours":0,"paymentMethod":"other","students":[{"$oid":"694799267240643ba08c9714"},{"$oid":"694799267240643ba08c9719"},{"$oid":"6947995ad52fb5cbf72c0fd4"},{"$oid":"6947995ad52fb5cbf72c0fd8"},{"$oid":"6947995ad52fb5cbf72c0fdd"}],"totalRemainingMinutes":0,"updatedAt":{"$date":"2025-12-21T06:53:14.577Z"}}
{"_id":{"$oid":"694798e1694a4c8c1cd5df3d"},"user":{"$oid":"694798e08204bf155e371fe5"},"__v":0,"createdAt":{"$date":"2025-12-21T06:51:13.149Z"},"paidHours":0,"paymentMethod":"other","students":[{"$oid":"694799267240643ba08c9721"},{"$oid":"6947995ad52fb5cbf72c0fe4"}],"totalRemainingMinutes":0,"updatedAt":{"$date":"2025-12-21T06:53:14.586Z"}}
{"_id":{"$oid":"694798e1694a4c8c1cd5df3e"},"user":{"$oid":"694798e18204bf155e371fea"},"__v":0,"createdAt":{"$date":"2025-12-21T06:51:13.526Z"},"paidHours":0,"paymentMethod":"other","students":[{"$oid":"694799267240643ba08c9728"},{"$oid":"6947995ad52fb5cbf72c0fea"}],"totalRemainingMinutes":0,"updatedAt":{"$date":"2025-12-21T06:53:14.593Z"}}
{"_id":{"$oid":"694798e1694a4c8c1cd5df3f"},"user":{"$oid":"694798e18204bf155e371fef"},"__v":0,"createdAt":{"$date":"2025-12-21T06:51:13.906Z"},"paidHours":0,"paymentMethod":"other","students":[{"$oid":"694799267240643ba08c972f"},{"$oid":"6947995ad52fb5cbf72c0ff0"}],"totalRemainingMinutes":0,"updatedAt":{"$date":"2025-12-21T06:53:14.599Z"}}
{"_id":{"$oid":"694798e2694a4c8c1cd5df40"},"user":{"$oid":"694798e18204bf155e371ff4"},"__v":0,"createdAt":{"$date":"2025-12-21T06:51:14.287Z"},"paidHours":0,"paymentMethod":"other","students":[{"$oid":"694799267240643ba08c9736"},{"$oid":"6947995ad52fb5cbf72c0ff6"}],"totalRemainingMinutes":0,"updatedAt":{"$date":"2025-12-21T06:53:14.606Z"}}
{"_id":{"$oid":"694798e2694a4c8c1cd5df41"},"user":{"$oid":"694798e28204bf155e371ff9"},"__v":0,"createdAt":{"$date":"2025-12-21T06:51:14.664Z"},"paidHours":0,"paymentMethod":"other","students":[{"$oid":"694799267240643ba08c973d"},{"$oid":"6947995ad52fb5cbf72c0ffc"}],"totalRemainingMinutes":0,"updatedAt":{"$date":"2025-12-21T06:53:14.614Z"}}
{"_id":{"$oid":"694798e3694a4c8c1cd5df42"},"user":{"$oid":"694798e28204bf155e371ffe"},"__v":0,"createdAt":{"$date":"2025-12-21T06:51:15.044Z"},"paidHours":0,"paymentMethod":"other","students":[{"$oid":"694799267240643ba08c9744"},{"$oid":"6947995ad52fb5cbf72c1002"}],"totalRemainingMinutes":0,"updatedAt":{"$date":"2025-12-21T06:53:14.619Z"}}
{"_id":{"$oid":"694798e3694a4c8c1cd5df43"},"user":{"$oid":"694798e38204bf155e372003"},"__v":0,"createdAt":{"$date":"2025-12-21T06:51:15.419Z"},"paidHours":0,"paymentMethod":"other","students":[{"$oid":"694799267240643ba08c9752"},{"$oid":"6947995ad52fb5cbf72c100e"}],"totalRemainingMinutes":0,"updatedAt":{"$date":"2025-12-21T06:53:14.632Z"}}
{"_id":{"$oid":"694798e3694a4c8c1cd5df44"},"user":{"$oid":"694798e38204bf155e372008"},"__v":0,"createdAt":{"$date":"2025-12-21T06:51:15.797Z"},"paidHours":0,"paymentMethod":"other","students":[{"$oid":"694799267240643ba08c974b"},{"$oid":"6947995ad52fb5cbf72c1008"}],"totalRemainingMinutes":0,"updatedAt":{"$date":"2025-12-21T06:53:14.626Z"}}
{"_id":{"$oid":"694798e4694a4c8c1cd5df45"},"user":{"$oid":"694798e38204bf155e37200d"},"__v":0,"createdAt":{"$date":"2025-12-21T06:51:16.171Z"},"paidHours":0,"paymentMethod":"other","students":[{"$oid":"694799267240643ba08c9759"},{"$oid":"6947995ad52fb5cbf72c1014"}],"totalRemainingMinutes":0,"updatedAt":{"$date":"2025-12-21T06:53:14.638Z"}}
{"_id":{"$oid":"694798e4694a4c8c1cd5df46"},"user":{"$oid":"694798e48204bf155e372012"},"__v":0,"createdAt":{"$date":"2025-12-21T06:51:16.546Z"},"paidHours":0,"paymentMethod":"other","students":[{"$oid":"694799267240643ba08c9760"},{"$oid":"6947995ad52fb5cbf72c101a"}],"totalRemainingMinutes":0,"updatedAt":{"$date":"2025-12-21T06:53:14.645Z"}}
{"_id":{"$oid":"694798e4694a4c8c1cd5df47"},"user":{"$oid":"694798e48204bf155e372017"},"__v":0,"createdAt":{"$date":"2025-12-21T06:51:16.922Z"},"paidHours":0,"paymentMethod":"other","students":[{"$oid":"694799267240643ba08c9767"},{"$oid":"694799267240643ba08c976d"},{"$oid":"6947995ad52fb5cbf72c1021"},{"$oid":"6947995ad52fb5cbf72c1026"},{"$oid":"6947995ad52fb5cbf72c102a"}],"totalRemainingMinutes":0,"updatedAt":{"$date":"2025-12-21T06:53:14.661Z"}}
{"_id":{"$oid":"694798e5694a4c8c1cd5df48"},"user":{"$oid":"694798e48204bf155e37201c"},"__v":0,"createdAt":{"$date":"2025-12-21T06:51:17.308Z"},"paidHours":0,"paymentMethod":"other","students":[{"$oid":"694799267240643ba08c9774"},{"$oid":"6947995ad52fb5cbf72c1031"},{"$oid":"6947995ad52fb5cbf72c1036"},{"$oid":"6947995ad52fb5cbf72c103b"}],"totalRemainingMinutes":0,"updatedAt":{"$date":"2025-12-21T06:53:14.682Z"}}
{"_id":{"$oid":"694798e5694a4c8c1cd5df49"},"user":{"$oid":"694798e58204bf155e372021"},"__v":0,"createdAt":{"$date":"2025-12-21T06:51:17.692Z"},"paidHours":0,"paymentMethod":"other","students":[{"$oid":"694799267240643ba08c977d"},{"$oid":"6947995ad52fb5cbf72c1042"}],"totalRemainingMinutes":0,"updatedAt":{"$date":"2025-12-21T06:53:14.693Z"}}
{"_id":{"$oid":"694798e6694a4c8c1cd5df4a"},"user":{"$oid":"694798e58204bf155e372026"},"__v":0,"createdAt":{"$date":"2025-12-21T06:51:18.077Z"},"paidHours":0,"paymentMethod":"other","students":[{"$oid":"694799267240643ba08c9784"},{"$oid":"694799267240643ba08c9789"},{"$oid":"694799267240643ba08c978e"},{"$oid":"6947995ad52fb5cbf72c104a"},{"$oid":"6947995ad52fb5cbf72c104e"},{"$oid":"6947995ad52fb5cbf72c1052"}],"totalRemainingMinutes":0,"updatedAt":{"$date":"2025-12-21T06:53:14.711Z"}}
{"_id":{"$oid":"694798e6694a4c8c1cd5df4b"},"user":{"$oid":"694798e68204bf155e37202b"},"__v":0,"createdAt":{"$date":"2025-12-21T06:51:18.454Z"},"paidHours":0,"paymentMethod":"other","students":[{"$oid":"694799267240643ba08c9795"},{"$oid":"6947995ad52fb5cbf72c1058"}],"totalRemainingMinutes":0,"updatedAt":{"$date":"2025-12-21T06:53:14.717Z"}}
{"_id":{"$oid":"694798e6694a4c8c1cd5df4c"},"user":{"$oid":"694798e68204bf155e372030"},"__v":0,"createdAt":{"$date":"2025-12-21T06:51:18.839Z"},"paidHours":0,"paymentMethod":"other","students":[{"$oid":"694799267240643ba08c979c"},{"$oid":"6947995ad52fb5cbf72c105e"}],"totalRemainingMinutes":0,"updatedAt":{"$date":"2025-12-21T06:53:14.723Z"}}
{"_id":{"$oid":"694798e7694a4c8c1cd5df4d"},"user":{"$oid":"694798e68204bf155e372035"},"__v":0,"createdAt":{"$date":"2025-12-21T06:51:19.225Z"},"paidHours":0,"paymentMethod":"other","students":[{"$oid":"694799267240643ba08c97a3"},{"$oid":"6947995ad52fb5cbf72c1064"}],"totalRemainingMinutes":0,"updatedAt":{"$date":"2025-12-21T06:53:14.731Z"}}
{"_id":{"$oid":"694798e7694a4c8c1cd5df4e"},"user":{"$oid":"694798e78204bf155e37203a"},"__v":0,"createdAt":{"$date":"2025-12-21T06:51:19.605Z"},"paidHours":0,"paymentMethod":"other","students":[{"$oid":"694799267240643ba08c97aa"},{"$oid":"6947995ad52fb5cbf72c106a"},{"$oid":"6947995ad52fb5cbf72c106f"}],"totalRemainingMinutes":0,"updatedAt":{"$date":"2025-12-21T06:53:14.745Z"}}
{"_id":{"$oid":"694798e7694a4c8c1cd5df4f"},"user":{"$oid":"694798e78204bf155e37203f"},"__v":0,"createdAt":{"$date":"2025-12-21T06:51:19.982Z"},"paidHours":0,"paymentMethod":"other","students":[{"$oid":"694799267240643ba08c97b2"},{"$oid":"6947995ad52fb5cbf72c1076"}],"totalRemainingMinutes":0,"updatedAt":{"$date":"2025-12-21T06:53:14.754Z"}}
{"_id":{"$oid":"694798e8694a4c8c1cd5df50"},"user":{"$oid":"694798e78204bf155e372044"},"__v":0,"createdAt":{"$date":"2025-12-21T06:51:20.361Z"},"paidHours":0,"paymentMethod":"other","students":[{"$oid":"694799267240643ba08c97b9"},{"$oid":"6947995ad52fb5cbf72c107c"},{"$oid":"6947995ad52fb5cbf72c1081"}],"totalRemainingMinutes":0,"updatedAt":{"$date":"2025-12-21T06:53:14.766Z"}}
{"_id":{"$oid":"694798e8694a4c8c1cd5df51"},"user":{"$oid":"694798e88204bf155e372049"},"__v":0,"createdAt":{"$date":"2025-12-21T06:51:20.74Z"},"paidHours":0,"paymentMethod":"other","students":[{"$oid":"694799267240643ba08c97c1"},{"$oid":"6947995ad52fb5cbf72c1088"},{"$oid":"6947995ad52fb5cbf72c108d"}],"totalRemainingMinutes":0,"updatedAt":{"$date":"2025-12-21T06:53:14.782Z"}}
{"_id":{"$oid":"694798e9694a4c8c1cd5df52"},"user":{"$oid":"694798e88204bf155e37204e"},"__v":0,"createdAt":{"$date":"2025-12-21T06:51:21.119Z"},"paidHours":0,"paymentMethod":"other","students":[{"$oid":"694799267240643ba08c97c9"},{"$oid":"6947995ad52fb5cbf72c1094"}],"totalRemainingMinutes":0,"updatedAt":{"$date":"2025-12-21T06:53:14.791Z"}}
{"_id":{"$oid":"694798e9694a4c8c1cd5df53"},"user":{"$oid":"694798e98204bf155e372053"},"__v":0,"createdAt":{"$date":"2025-12-21T06:51:21.508Z"},"paidHours":0,"paymentMethod":"other","students":[{"$oid":"694799267240643ba08c97d0"},{"$oid":"6947995ad52fb5cbf72c109a"}],"totalRemainingMinutes":0,"updatedAt":{"$date":"2025-12-21T06:53:14.798Z"}}
{"_id":{"$oid":"694798e9694a4c8c1cd5df54"},"user":{"$oid":"694798e98204bf155e372058"},"__v":0,"createdAt":{"$date":"2025-12-21T06:51:21.883Z"},"paidHours":0,"paymentMethod":"other","students":[{"$oid":"694799267240643ba08c97d7"},{"$oid":"6947995ad52fb5cbf72c10a0"},{"$oid":"6947995ad52fb5cbf72c10a5"}],"totalRemainingMinutes":0,"updatedAt":{"$date":"2025-12-21T06:53:14.809Z"}}
{"_id":{"$oid":"694798ea694a4c8c1cd5df55"},"user":{"$oid":"694798e98204bf155e37205d"},"__v":0,"createdAt":{"$date":"2025-12-21T06:51:22.28Z"},"paidHours":0,"paymentMethod":"other","students":[{"$oid":"694799267240643ba08c97df"},{"$oid":"6947995ad52fb5cbf72c10ac"}],"totalRemainingMinutes":0,"updatedAt":{"$date":"2025-12-21T06:53:14.818Z"}}
{"_id":{"$oid":"694798ea694a4c8c1cd5df56"},"user":{"$oid":"694798ea8204bf155e372062"},"__v":0,"createdAt":{"$date":"2025-12-21T06:51:22.658Z"},"paidHours":0,"paymentMethod":"other","students":[{"$oid":"694799267240643ba08c97e6"},{"$oid":"6947995ad52fb5cbf72c10b2"}],"totalRemainingMinutes":0,"updatedAt":{"$date":"2025-12-21T06:53:14.826Z"}}
{"_id":{"$oid":"694798eb694a4c8c1cd5df57"},"user":{"$oid":"694798ea8204bf155e372067"},"__v":0,"createdAt":{"$date":"2025-12-21T06:51:23.034Z"},"paidHours":0,"paymentMethod":"other","students":[{"$oid":"694799267240643ba08c97ed"},{"$oid":"6947995ad52fb5cbf72c10b8"},{"$oid":"6947995ad52fb5cbf72c10bd"},{"$oid":"6947995ad52fb5cbf72c10c2"},{"$oid":"6947995ad52fb5cbf72c10c7"}],"totalRemainingMinutes":0,"updatedAt":{"$date":"2025-12-21T06:53:14.85Z"}}
{"_id":{"$oid":"694798eb694a4c8c1cd5df58"},"user":{"$oid":"694798eb8204bf155e37206c"},"__v":0,"createdAt":{"$date":"2025-12-21T06:51:23.406Z"},"paidHours":0,"paymentMethod":"other","students":[],"totalRemainingMinutes":0,"updatedAt":{"$date":"2025-12-21T06:53:13.259Z"}}
{"_id":{"$oid":"694798eb694a4c8c1cd5df59"},"user":{"$oid":"694798eb8204bf155e372071"},"__v":0,"createdAt":{"$date":"2025-12-21T06:51:23.782Z"},"paidHours":0,"paymentMethod":"other","students":[{"$oid":"694799267240643ba08c97f7"},{"$oid":"6947995ad52fb5cbf72c10ce"}],"totalRemainingMinutes":0,"updatedAt":{"$date":"2025-12-21T06:53:14.861Z"}}
{"_id":{"$oid":"694798ec694a4c8c1cd5df5a"},"user":{"$oid":"694798eb8204bf155e372076"},"__v":0,"createdAt":{"$date":"2025-12-21T06:51:24.169Z"},"paidHours":0,"paymentMethod":"other","students":[{"$oid":"694799267240643ba08c97fe"},{"$oid":"6947995ad52fb5cbf72c10d4"}],"totalRemainingMinutes":0,"updatedAt":{"$date":"2025-12-21T06:53:14.868Z"}}
{"_id":{"$oid":"694798ec694a4c8c1cd5df5b"},"user":{"$oid":"694798ec8204bf155e37207b"},"__v":0,"createdAt":{"$date":"2025-12-21T06:51:24.568Z"},"paidHours":0,"paymentMethod":"other","students":[{"$oid":"694799267240643ba08c9805"},{"$oid":"6947995ad52fb5cbf72c10da"}],"totalRemainingMinutes":0,"updatedAt":{"$date":"2025-12-21T06:53:14.874Z"}}
{"_id":{"$oid":"694798ec694a4c8c1cd5df5c"},"user":{"$oid":"694798ec8204bf155e372080"},"__v":0,"createdAt":{"$date":"2025-12-21T06:51:24.944Z"},"paidHours":0,"paymentMethod":"other","students":[{"$oid":"694799267240643ba08c980c"},{"$oid":"6947995ad52fb5cbf72c10e0"}],"totalRemainingMinutes":0,"updatedAt":{"$date":"2025-12-21T06:53:14.881Z"}}
{"_id":{"$oid":"694798ed694a4c8c1cd5df5d"},"user":{"$oid":"694798ec8204bf155e372085"},"__v":0,"createdAt":{"$date":"2025-12-21T06:51:25.321Z"},"paidHours":0,"paymentMethod":"other","students":[{"$oid":"694799267240643ba08c9813"},{"$oid":"694799267240643ba08c9819"},{"$oid":"6947995ad52fb5cbf72c10e7"},{"$oid":"6947995ad52fb5cbf72c10ec"},{"$oid":"6947995ad52fb5cbf72c10f0"}],"totalRemainingMinutes":0,"updatedAt":{"$date":"2025-12-21T06:53:14.897Z"}}
{"_id":{"$oid":"694798ed694a4c8c1cd5df5e"},"user":{"$oid":"694798ed8204bf155e37208a"},"__v":0,"createdAt":{"$date":"2025-12-21T06:51:25.704Z"},"paidHours":0,"paymentMethod":"other","students":[{"$oid":"694799267240643ba08c9820"},{"$oid":"6947995ad52fb5cbf72c10f7"}],"totalRemainingMinutes":0,"updatedAt":{"$date":"2025-12-21T06:53:14.908Z"}}
{"_id":{"$oid":"694798ee694a4c8c1cd5df5f"},"user":{"$oid":"694798ed8204bf155e37208f"},"__v":0,"createdAt":{"$date":"2025-12-21T06:51:26.079Z"},"paidHours":0,"paymentMethod":"other","students":[{"$oid":"694799267240643ba08c9827"},{"$oid":"6947995ad52fb5cbf72c10fd"}],"totalRemainingMinutes":0,"updatedAt":{"$date":"2025-12-21T06:53:14.916Z"}}
{"_id":{"$oid":"694798ee694a4c8c1cd5df60"},"user":{"$oid":"694798ee8204bf155e372094"},"__v":0,"createdAt":{"$date":"2025-12-21T06:51:26.452Z"},"paidHours":0,"paymentMethod":"other","students":[{"$oid":"694799267240643ba08c982e"},{"$oid":"694799267240643ba08c9833"},{"$oid":"6947995ad52fb5cbf72c1104"},{"$oid":"6947995ad52fb5cbf72c1108"}],"totalRemainingMinutes":0,"updatedAt":{"$date":"2025-12-21T06:53:14.929Z"}}
{"_id":{"$oid":"694798ee694a4c8c1cd5df61"},"user":{"$oid":"694798ee8204bf155e372099"},"__v":0,"createdAt":{"$date":"2025-12-21T06:51:26.826Z"},"paidHours":0,"paymentMethod":"other","students":[{"$oid":"694799267240643ba08c983a"},{"$oid":"6947995ad52fb5cbf72c110e"},{"$oid":"6947995ad52fb5cbf72c1113"}],"totalRemainingMinutes":0,"updatedAt":{"$date":"2025-12-21T06:53:14.939Z"}}
{"_id":{"$oid":"694798ef694a4c8c1cd5df62"},"user":{"$oid":"694798ee8204bf155e37209e"},"__v":0,"createdAt":{"$date":"2025-12-21T06:51:27.206Z"},"paidHours":0,"paymentMethod":"other","students":[{"$oid":"694799277240643ba08c9842"},{"$oid":"6947995ad52fb5cbf72c111a"}],"totalRemainingMinutes":0,"updatedAt":{"$date":"2025-12-21T06:53:14.95Z"}}
{"_id":{"$oid":"694798ef694a4c8c1cd5df63"},"user":{"$oid":"694798ef8204bf155e3720a3"},"__v":0,"createdAt":{"$date":"2025-12-21T06:51:27.58Z"},"paidHours":0,"paymentMethod":"other","students":[{"$oid":"694799277240643ba08c9849"},{"$oid":"6947995ad52fb5cbf72c1120"}],"totalRemainingMinutes":0,"updatedAt":{"$date":"2025-12-21T06:53:14.955Z"}}
{"_id":{"$oid":"694798ef694a4c8c1cd5df64"},"user":{"$oid":"694798ef8204bf155e3720a8"},"__v":0,"createdAt":{"$date":"2025-12-21T06:51:27.953Z"},"paidHours":0,"paymentMethod":"other","students":[],"totalRemainingMinutes":0,"updatedAt":{"$date":"2025-12-21T06:53:13.299Z"}}
{"_id":{"$oid":"694798f0694a4c8c1cd5df65"},"user":{"$oid":"694798ef8204bf155e3720ad"},"__v":0,"createdAt":{"$date":"2025-12-21T06:51:28.328Z"},"paidHours":0,"paymentMethod":"other","students":[],"totalRemainingMinutes":0,"updatedAt":{"$date":"2025-12-21T06:53:13.302Z"}}
{"_id":{"$oid":"694798f0694a4c8c1cd5df66"},"user":{"$oid":"694798f08204bf155e3720b2"},"__v":0,"createdAt":{"$date":"2025-12-21T06:51:28.701Z"},"paidHours":0,"paymentMethod":"other","students":[{"$oid":"694799277240643ba08c9850"},{"$oid":"6947995ad52fb5cbf72c1126"},{"$oid":"6947995ad52fb5cbf72c112b"},{"$oid":"6947995ad52fb5cbf72c1130"},{"$oid":"6947995ad52fb5cbf72c1135"},{"$oid":"6947995ad52fb5cbf72c113a"}],"totalRemainingMinutes":0,"updatedAt":{"$date":"2025-12-21T06:53:14.981Z"}}
{"_id":{"$oid":"694798f1694a4c8c1cd5df67"},"user":{"$oid":"694798f08204bf155e3720b7"},"__v":0,"createdAt":{"$date":"2025-12-21T06:51:29.074Z"},"paidHours":0,"paymentMethod":"other","students":[{"$oid":"694799277240643ba08c985b"},{"$oid":"6947995ad52fb5cbf72c1141"},{"$oid":"6947995ad52fb5cbf72c1146"},{"$oid":"6947995ad52fb5cbf72c114b"}],"totalRemainingMinutes":0,"updatedAt":{"$date":"2025-12-21T06:53:15.001Z"}}
{"_id":{"$oid":"694798f1694a4c8c1cd5df68"},"user":{"$oid":"694798f18204bf155e3720bc"},"__v":0,"createdAt":{"$date":"2025-12-21T06:51:29.454Z"},"paidHours":0,"paymentMethod":"other","students":[{"$oid":"694799277240643ba08c9864"},{"$oid":"6947995bd52fb5cbf72c1152"}],"totalRemainingMinutes":0,"updatedAt":{"$date":"2025-12-21T06:53:15.012Z"}}
{"_id":{"$oid":"694798f1694a4c8c1cd5df69"},"user":{"$oid":"694798f18204bf155e3720c1"},"__v":0,"createdAt":{"$date":"2025-12-21T06:51:29.831Z"},"paidHours":0,"paymentMethod":"other","students":[{"$oid":"694799277240643ba08c986b"},{"$oid":"6947995bd52fb5cbf72c1158"}],"totalRemainingMinutes":0,"updatedAt":{"$date":"2025-12-21T06:53:15.018Z"}}
{"_id":{"$oid":"694798f2694a4c8c1cd5df6a"},"user":{"$oid":"694798f18204bf155e3720c6"},"__v":0,"createdAt":{"$date":"2025-12-21T06:51:30.211Z"},"paidHours":0,"paymentMethod":"other","students":[{"$oid":"694799277240643ba08c9872"},{"$oid":"6947995bd52fb5cbf72c115e"}],"totalRemainingMinutes":0,"updatedAt":{"$date":"2025-12-21T06:53:15.024Z"}}
{"_id":{"$oid":"694798f2694a4c8c1cd5df6b"},"user":{"$oid":"694798f28204bf155e3720cb"},"__v":0,"createdAt":{"$date":"2025-12-21T06:51:30.586Z"},"paidHours":0,"paymentMethod":"other","students":[{"$oid":"694799277240643ba08c9879"},{"$oid":"6947995bd52fb5cbf72c1164"},{"$oid":"6947995bd52fb5cbf72c1169"}],"totalRemainingMinutes":0,"updatedAt":{"$date":"2025-12-21T06:53:15.035Z"}}
{"_id":{"$oid":"694798f2694a4c8c1cd5df6c"},"user":{"$oid":"694798f28204bf155e3720d0"},"__v":0,"createdAt":{"$date":"2025-12-21T06:51:30.959Z"},"paidHours":0,"paymentMethod":"other","students":[{"$oid":"694799277240643ba08c9881"},{"$oid":"6947995bd52fb5cbf72c1170"}],"totalRemainingMinutes":0,"updatedAt":{"$date":"2025-12-21T06:53:15.046Z"}}
{"_id":{"$oid":"694798f3694a4c8c1cd5df6d"},"user":{"$oid":"694798f28204bf155e3720d5"},"__v":0,"createdAt":{"$date":"2025-12-21T06:51:31.332Z"},"paidHours":0,"paymentMethod":"other","students":[{"$oid":"694799277240643ba08c9888"},{"$oid":"6947995bd52fb5cbf72c1176"}],"totalRemainingMinutes":0,"updatedAt":{"$date":"2025-12-21T06:53:15.052Z"}}
{"_id":{"$oid":"694798f3694a4c8c1cd5df6e"},"user":{"$oid":"694798f38204bf155e3720da"},"__v":0,"createdAt":{"$date":"2025-12-21T06:51:31.705Z"},"paidHours":0,"paymentMethod":"other","students":[{"$oid":"694799277240643ba08c988f"},{"$oid":"6947995bd52fb5cbf72c117c"}],"totalRemainingMinutes":0,"updatedAt":{"$date":"2025-12-21T06:53:15.058Z"}}
{"_id":{"$oid":"694798f4694a4c8c1cd5df6f"},"user":{"$oid":"694798f38204bf155e3720df"},"__v":0,"createdAt":{"$date":"2025-12-21T06:51:32.079Z"},"paidHours":0,"paymentMethod":"other","students":[{"$oid":"694799277240643ba08c9896"},{"$oid":"6947995bd52fb5cbf72c1182"}],"totalRemainingMinutes":0,"updatedAt":{"$date":"2025-12-21T06:53:15.064Z"}}
{"_id":{"$oid":"694798f4694a4c8c1cd5df70"},"user":{"$oid":"694798f48204bf155e3720e4"},"__v":0,"createdAt":{"$date":"2025-12-21T06:51:32.452Z"},"paidHours":0,"paymentMethod":"other","students":[],"totalRemainingMinutes":0,"updatedAt":{"$date":"2025-12-21T06:53:13.34Z"}}
