{"_id":{"$oid":"694798f4694a4c8c1cd5df71"},"user":{"$oid":"694798f48204bf155e3720e9"},"__v":0,"bonus":0,"createdAt":{"$date":"2025-12-21T06:51:32.838Z"},"hours":0,"hoursThisMonth":0,"instapay":0,"updatedAt":{"$date":"2025-12-21T06:52:21.898Z"}}
{"_id":{"$oid":"694798f5694a4c8c1cd5df72"},"user":{"$oid":"694798f48204bf155e3720ee"},"__v":0,"bonus":0,"createdAt":{"$date":"2025-12-21T06:51:33.213Z"},"hours":0,"hoursThisMonth":0,"instapay":0,"updatedAt":{"$date":"2025-12-21T06:52:21.903Z"}}
{"_id":{"$oid":"694798f5694a4c8c1cd5df73"},"user":{"$oid":"694798f58204bf155e3720f3"},"__v":0,"bonus":0,"createdAt":{"$date":"2025-12-21T06:51:33.59Z"},"hours":0,"hoursThisMonth":0,"instapay":0,"updatedAt":{"$date":"2025-12-21T06:52:21.907Z"}}
{"_id":{"$oid":"694798f5694a4c8c1cd5df74"},"user":{"$oid":"694798f58204bf155e3720f8"},"__v":0,"bonus":0,"createdAt":{"$date":"2025-12-21T06:51:33.963Z"},"hours":0,"hoursThisMonth":0,"instapay":0,"updatedAt":{"$date":"2025-12-21T06:52:21.911Z"}}
{"_id":{"$oid":"694798f6694a4c8c1cd5df75"},"user":{"$oid":"694798f58204bf155e3720fd"},"__v":0,"bonus":0,"createdAt":{"$date":"2025-12-21T06:51:34.337Z"},"hours":0,"hoursThisMonth":0,"instapay":0,"updatedAt":{"$date":"2025-12-21T06:52:21.915Z"}}
{"_id":{"$oid":"694798f6694a4c8c1cd5df76"},"user":{"$oid":"694798f68204bf155e372102"},"__v":0,"bonus":0,"createdAt":{"$date":"2025-12-21T06:51:34.71Z"},"hours":0,"hoursThisMonth":0,"instapay":0,"updatedAt":{"$date":"2025-12-21T06:52:21.919Z"}}
{"_id":{"$oid":"694798f7694a4c8c1cd5df77"},"user":{"$oid":"694798f68204bf155e372107"},"__v":0,"bonus":0,"createdAt":{"$date":"2025-12-21T06:51:35.089Z"},"hours":0,"hoursThisMonth":0,"instapay":0,"updatedAt":{"$date":"2025-12-21T06:52:21.922Z"}}
{"_id":{"$oid":"694798f7694a4c8c1cd5df78"},"user":{"$oid":"694798f78204bf155e37210c"},"__v":0,"bonus":0,"createdAt":{"$date":"2025-12-21T06:51:35.47Z"},"hours":0,"hoursThisMonth":0,"instapay":0,"updatedAt":{"$date":"2025-12-21T06:52:21.927Z"}}
{"_id":{"$oid":"694798f7694a4c8c1cd5df79"},"user":{"$oid":"694798f78204bf155e372111"},"__v":0,"bonus":0,"createdAt":{"$date":"2025-12-21T06:51:35.844Z"},"hours":0,"hoursThisMonth":0,"instapay":0,"updatedAt":{"$date":"2025-12-21T06:52:21.93Z"}}
{"_id":{"$oid":"694798f8694a4c8c1cd5df7a"},"user":{"$oid":"694798f78204bf155e372116"},"__v":0,"bonus":0,"createdAt":{"$date":"2025-12-21T06:51:36.216Z"},"hours":0,"hoursThisMonth":0,"instapay":0,"updatedAt":{"$date":"2025-12-21T06:52:21.932Z"}}
{"_id":{"$oid":"694798f8694a4c8c1cd5df7b"},"user":{"$oid":"694798f88204bf155e37211b"},"__v":0,"bonus":0,"createdAt":{"$date":"2025-12-21T06:51:36.591Z"},"hours":0,"hoursThisMonth":0,"instapay":0,"updatedAt":{"$date":"2025-12-21T06:52:21.935Z"}}
{"_id":{"$oid":"694798f8694a4c8c1cd5df7c"},"user":{"$oid":"694798f88204bf155e372120"},"__v":0,"bonus":0,"createdAt":{"$date":"2025-12-21T06:51:36.964Z"},"hours":0,"hoursThisMonth":0,"instapay":0,"updatedAt":{"$date":"2025-12-21T06:52:21.938Z"}}
{"_id":{"$oid":"694798f9694a4c8c1cd5df7d"},"user":{"$oid":"694798f88204bf155e372125"},"__v":0,"bonus":0,"createdAt":{"$date":"2025-12-21T06:51:37.344Z"},"hours":0,"hoursThisMonth":0,"instapay":0,"updatedAt":{"$date":"2025-12-21T06:52:21.942Z"}}
{"_id":{"$oid":"694798f9694a4c8c1cd5df7e"},"user":{"$oid":"694798f98204bf155e37212a"},"__v":0,"bonus":0,"createdAt":{"$date":"2025-12-21T06:51:37.719Z"},"hours":0,"hoursThisMonth":0,"instapay":0,"updatedAt":{"$date":"2025-12-21T06:52:21.945Z"}}
{"_id":{"$oid":"694798fa694a4c8c1cd5df7f"},"user":{"$oid":"694798f98204bf155e37212f"},"__v":0,"bonus":0,"createdAt":{"$date":"2025-12-21T06:51:38.094Z"},"hours":0,"hoursThisMonth":0,"instapay":0,"updatedAt":{"$date":"2025-12-21T06:52:21.949Z"}}
{"_id":{"$oid":"694798fa694a4c8c1cd5df80"},"user":{"$oid":"694798fa8204bf155e372134"},"__v":0,"bonus":0,"createdAt":{"$date":"2025-12-21T06:51:38.468Z"},"hours":0,"hoursThisMonth":0,"instapay":0,"updatedAt":{"$date":"2025-12-21T06:52:21.952Z"}}
{"_id":{"$oid":"694798fa694a4c8c1cd5df81"},"user":{"$oid":"694798fa8204bf155e372139"},"__v":0,"bonus":0,"createdAt":{"$date":"2025-12-21T06:51:38.843Z"},"hours":0,"hoursThisMonth":0,"instapay":0,"updatedAt":{"$date":"2025-12-21T06:52:21.956Z"}}
{"_id":{"$oid":"694798fb694a4c8c1cd5df82"},"user":{"$oid":"694798fa8204bf155e37213e"},"__v":0,"bonus":0,"createdAt":{"$date":"2025-12-21T06:51:39.217Z"},"hours":0,"hoursThisMonth":0,"instapay":0,"updatedAt":{"$date":"2025-12-21T06:52:21.96Z"}}
